,articles
0,activistpost.com
1,albawaba.com
2,americanthinker.com
3,arabnews.com
4,bigleaguepolitics.com
5,blacklistednews.com
6,bongino.com
7,bossip.com
8,breitbart.com
9,cair.com
10,canadafreepress.com
11,childrenshealthdefense.org
12,chinadaily.com.cn
13,churchmilitant.com
14,climate.news
15,cnsnews.com
16,dailystar.co.uk
17,democrats.org
18,djhjmedia.com
19,everytown.org
20,firstpost.com
21,flagandcross.com
22,frontpagemag.com
23,gellerreport.com
24,globaltimes.cn
25,gnews.org
26,gop.gov
27,greenpeace.org
28,gulfnews.com
29,hannity.com
30,health.news
31,iflscience.com
32,indiatimes.com
33,infowars.com
34,investmentwatchblog.com
35,judicialwatch.org
36,lewrockwell.com
37,liveaction.org
38,livestrong.com
39,memri.org
40,mindbodygreen.com
41,nation.com.pk
42,nationalfile.com
43,neonnettle.com
44,newsmax.com
45,newspunch.com
46,newstarget.com
47,newswars.com
48,nutritionfacts.org
49,oann.com
50,occupydemocrats.com
51,odishatv.in
52,pandemic.news
53,pdmj.org
54,perezhilton.com
55,peta.org
56,pjmedia.com
57,prageru.com
58,projectveritas.com
59,quillette.com
60,realrawnews.com
61,redstate.com
62,revolver.news
63,rt.com
64,space.news
65,sputniknews.com
66,stream.org
67,swarajyamag.com
68,tass.com
69,theconservativetreehouse.com
70,theepochtimes.com
71,thefreethoughtproject.com
72,thegatewaypundit.com
73,thehighwire.com
74,thelibertydaily.com
75,thenationalpulse.com
76,thepoliticalinsider.com
77,toddstarnes.com
78,toofab.com
79,townhall.com
80,trendingpolitics.com
81,unz.com
82,vdare.com
83,washingtontimes.com
84,wattsupwiththat.com
85,waynedupree.com
86,whale.to
87,wnd.com
88,worldstarhiphop.com
89,zerohedge.com
